Day,entity_id,Name,Observed Sales,Observed Transactions,Observed Customers,Sales per Customer,Average Transaction Value,Transactions per Customer
2022-08-15,DocuSign,DocuSign Inc,17300.92,170.0,169.0,102.37,101.77,1.01
2022-08-16,DocuSign,DocuSign Inc,42493.73,282.0,282.0,150.69,150.69,1.0
2022-08-17,DocuSign,DocuSign Inc,25996.45,195.0,195.0,133.32,133.32,1.0
2022-08-18,DocuSign,DocuSign Inc,23987.56,203.0,203.0,118.17,118.17,1.0
2022-08-19,DocuSign,DocuSign Inc,33201.98,193.0,193.0,172.03,172.03,1.0
2022-08-20,DocuSign,DocuSign Inc,18714.73,178.0,178.0,105.14,105.14,1.0
2022-08-21,DocuSign,DocuSign Inc,22103.06,144.0,144.0,153.49,153.49,1.0
2022-08-22,DocuSign,DocuSign Inc,16072.97,218.0,208.0,77.27,73.73,1.05
2022-08-23,DocuSign,DocuSign Inc,19409.09,218.0,216.0,89.86,89.03,1.01
2022-08-24,DocuSign,DocuSign Inc,26613.72,225.0,225.0,118.28,118.28,1.0
2022-08-25,DocuSign,DocuSign Inc,33033.1,241.0,239.0,138.21,137.07,1.01
2022-08-26,DocuSign,DocuSign Inc,26176.91,188.0,188.0,139.24,139.24,1.0
2022-08-27,DocuSign,DocuSign Inc,37127.57,205.0,202.0,183.8,181.11,1.01
2022-08-28,DocuSign,DocuSign Inc,14337.17,139.0,139.0,103.15,103.15,1.0
2022-08-29,DocuSign,DocuSign Inc,13530.54,190.0,183.0,73.94,71.21,1.04
2022-08-30,DocuSign,DocuSign Inc,17483.04,168.0,163.0,107.26,104.07,1.03
2022-08-31,DocuSign,DocuSign Inc,11433.95,124.0,124.0,92.21,92.21,1.0
2022-09-01,DocuSign,DocuSign Inc,25892.61,181.0,181.0,143.05,143.05,1.0
2022-09-02,DocuSign,DocuSign Inc,12142.93,149.0,149.0,81.5,81.5,1.0
2022-09-03,DocuSign,DocuSign Inc,16094.72,176.0,176.0,91.45,91.45,1.0
2022-09-04,DocuSign,DocuSign Inc,11226.79,160.0,160.0,70.17,70.17,1.0
2022-09-05,DocuSign,DocuSign Inc,13324.52,162.0,162.0,82.25,82.25,1.0
2022-09-06,DocuSign,DocuSign Inc,15220.44,143.0,143.0,106.44,106.44,1.0
2022-09-07,DocuSign,DocuSign Inc,21521.78,230.0,229.0,93.98,93.57,1.0
2022-09-08,DocuSign,DocuSign Inc,8851.69,134.0,134.0,66.06,66.06,1.0
2022-09-09,DocuSign,DocuSign Inc,24170.38,202.0,202.0,119.66,119.66,1.0
2022-09-10,DocuSign,DocuSign Inc,16364.43,183.0,181.0,90.41,89.42,1.01
2022-09-11,DocuSign,DocuSign Inc,23396.08,221.0,221.0,105.86,105.86,1.0
2022-09-12,DocuSign,DocuSign Inc,25439.72,170.0,167.0,152.33,149.65,1.02
2022-09-13,DocuSign,DocuSign Inc,36436.39,205.0,205.0,177.74,177.74,1.0
2022-09-14,DocuSign,DocuSign Inc,14947.37,187.0,184.0,81.24,79.93,1.02
2022-09-15,DocuSign,DocuSign Inc,25251.54,195.0,194.0,130.16,129.5,1.01
2022-09-16,DocuSign,DocuSign Inc,20341.49,215.0,214.0,95.05,94.61,1.0
2022-09-17,DocuSign,DocuSign Inc,32346.62,205.0,204.0,158.56,157.79,1.0
2022-09-18,DocuSign,DocuSign Inc,10308.87,161.0,161.0,64.03,64.03,1.0
2022-09-19,DocuSign,DocuSign Inc,15393.51,157.0,157.0,98.05,98.05,1.0
2022-09-20,DocuSign,DocuSign Inc,31830.37,228.0,221.0,144.03,139.61,1.03
2022-09-21,DocuSign,DocuSign Inc,17930.18,189.0,187.0,95.88,94.87,1.01
2022-09-22,DocuSign,DocuSign Inc,34957.8,261.0,261.0,133.94,133.94,1.0
2022-09-23,DocuSign,DocuSign Inc,18416.65,211.0,211.0,87.28,87.28,1.0
2022-09-24,DocuSign,DocuSign Inc,20392.0,181.0,166.0,122.84,112.66,1.09
2022-09-25,DocuSign,DocuSign Inc,10013.12,190.0,175.0,57.22,52.7,1.09
2022-09-26,DocuSign,DocuSign Inc,16806.21,241.0,132.0,127.32,69.74,1.83
2022-09-27,DocuSign,DocuSign Inc,27992.15,219.0,219.0,127.82,127.82,1.0
2022-09-28,DocuSign,DocuSign Inc,9852.32,172.0,161.0,61.19,57.28,1.07
2022-09-29,DocuSign,DocuSign Inc,37813.43,207.0,207.0,182.67,182.67,1.0
2022-09-30,DocuSign,DocuSign Inc,23034.89,216.0,213.0,108.15,106.64,1.01
2022-10-01,DocuSign,DocuSign Inc,13417.65,164.0,164.0,81.81,81.81,1.0
2022-10-02,DocuSign,DocuSign Inc,14260.67,135.0,131.0,108.86,105.63,1.03
2022-10-03,DocuSign,DocuSign Inc,10895.17,164.0,160.0,68.09,66.43,1.02
2022-10-04,DocuSign,DocuSign Inc,38290.82,260.0,260.0,147.27,147.27,1.0
2022-10-05,DocuSign,DocuSign Inc,21625.13,187.0,187.0,115.64,115.64,1.0
2022-10-06,DocuSign,DocuSign Inc,12248.98,153.0,153.0,80.06,80.06,1.0
2022-10-07,DocuSign,DocuSign Inc,18935.6,291.0,190.0,99.66,65.07,1.53
2022-10-08,DocuSign,DocuSign Inc,15450.01,242.0,141.0,109.57,63.84,1.72
2022-10-09,DocuSign,DocuSign Inc,19229.42,182.0,182.0,105.66,105.66,1.0
2022-10-10,DocuSign,DocuSign Inc,3672.74,30.0,30.0,122.42,122.42,1.0
2022-10-11,DocuSign,DocuSign Inc,24278.02,197.0,197.0,123.24,123.24,1.0
2022-10-12,DocuSign,DocuSign Inc,15856.47,242.0,241.0,65.79,65.52,1.0
2022-10-13,DocuSign,DocuSign Inc,20834.53,251.0,251.0,83.01,83.01,1.0
2022-10-14,DocuSign,DocuSign Inc,16709.77,105.0,105.0,159.14,159.14,1.0
2022-10-15,DocuSign,DocuSign Inc,19171.94,190.0,190.0,100.9,100.9,1.0
2022-10-16,DocuSign,DocuSign Inc,13933.3,270.0,270.0,51.6,51.6,1.0
2022-10-17,DocuSign,DocuSign Inc,17540.14,216.0,213.0,82.35,81.2,1.01
2022-10-18,DocuSign,DocuSign Inc,20608.11,200.0,194.0,106.23,103.04,1.03
2022-10-19,DocuSign,DocuSign Inc,11295.27,33.0,33.0,342.28,342.28,1.0
2022-10-20,DocuSign,DocuSign Inc,20350.87,195.0,194.0,104.9,104.36,1.01
2022-10-21,DocuSign,DocuSign Inc,30793.71,291.0,279.0,110.37,105.82,1.04
2022-10-22,DocuSign,DocuSign Inc,25158.48,161.0,161.0,156.26,156.26,1.0
2022-10-23,DocuSign,DocuSign Inc,7863.05,86.0,86.0,91.43,91.43,1.0
2022-10-24,DocuSign,DocuSign Inc,19960.95,252.0,250.0,79.84,79.21,1.01
2022-10-25,DocuSign,DocuSign Inc,10202.01,96.0,91.0,112.11,106.27,1.05
2022-10-26,DocuSign,DocuSign Inc,13992.94,210.0,206.0,67.93,66.63,1.02
2022-10-27,DocuSign,DocuSign Inc,20165.22,144.0,144.0,140.04,140.04,1.0
2022-10-28,DocuSign,DocuSign Inc,33088.31,316.0,305.0,108.49,104.71,1.04
2022-10-29,DocuSign,DocuSign Inc,23894.9,287.0,284.0,84.14,83.26,1.01
2022-10-30,DocuSign,DocuSign Inc,6011.7,106.0,94.0,63.95,56.71,1.13
2022-10-31,DocuSign,DocuSign Inc,37611.88,254.0,158.0,238.05,148.08,1.61
2022-11-01,DocuSign,DocuSign Inc,22626.0,156.0,96.0,235.69,145.04,1.63
2022-11-02,DocuSign,DocuSign Inc,54071.01,369.0,343.0,157.64,146.53,1.08
2022-11-03,DocuSign,DocuSign Inc,35793.44,267.0,242.0,147.91,134.06,1.1
2022-11-04,DocuSign,DocuSign Inc,26120.09,107.0,79.0,330.63,244.11,1.35
2022-11-05,DocuSign,DocuSign Inc,32713.66,327.0,327.0,100.04,100.04,1.0
2022-11-06,DocuSign,DocuSign Inc,32319.72,213.0,212.0,152.45,151.74,1.0
2022-11-07,DocuSign,DocuSign Inc,33681.62,267.0,241.0,139.76,126.15,1.11
2022-11-08,DocuSign,DocuSign Inc,27770.63,154.0,131.0,211.99,180.33,1.18
2022-11-09,DocuSign,DocuSign Inc,45393.59,279.0,254.0,178.71,162.7,1.1
2022-11-10,DocuSign,DocuSign Inc,16140.76,142.0,136.0,118.68,113.67,1.04
2022-11-11,DocuSign,DocuSign Inc,24322.07,229.0,228.0,106.68,106.21,1.0
2022-11-12,DocuSign,DocuSign Inc,12373.18,133.0,133.0,93.03,93.03,1.0
2022-11-13,DocuSign,DocuSign Inc,20042.16,233.0,233.0,86.02,86.02,1.0
2022-11-14,DocuSign,DocuSign Inc,28006.83,219.0,217.0,129.06,127.89,1.01
2022-11-15,DocuSign,DocuSign Inc,17854.67,164.0,126.0,141.7,108.87,1.3
2022-11-16,DocuSign,DocuSign Inc,23328.85,197.0,169.0,138.04,118.42,1.17
2022-11-17,DocuSign,DocuSign Inc,33693.81,287.0,280.0,120.34,117.4,1.02
2022-11-18,DocuSign,DocuSign Inc,14947.3,216.0,210.0,71.18,69.2,1.03
2022-11-19,DocuSign,DocuSign Inc,36236.94,342.0,340.0,106.58,105.96,1.01
2022-11-20,DocuSign,DocuSign Inc,253.21,4.0,2.0,126.61,63.3,2.0
2022-11-21,DocuSign,DocuSign Inc,27285.84,321.0,313.0,87.18,85.0,1.03
2022-11-22,DocuSign,DocuSign Inc,8359.77,127.0,125.0,66.88,65.82,1.02
2022-11-23,DocuSign,DocuSign Inc,10748.82,187.0,183.0,58.74,57.48,1.02
2022-11-24,DocuSign,DocuSign Inc,13827.48,170.0,167.0,82.8,81.34,1.02
2022-11-25,DocuSign,DocuSign Inc,7913.97,140.0,134.0,59.06,56.53,1.04
2022-11-26,DocuSign,DocuSign Inc,2085.78,43.0,40.0,52.14,48.51,1.08
2022-11-27,DocuSign,DocuSign Inc,4094.07,98.0,95.0,43.1,41.78,1.03
2022-11-28,DocuSign,DocuSign Inc,17301.39,212.0,198.0,87.38,81.61,1.07
2022-11-29,DocuSign,DocuSign Inc,46193.25,390.0,384.0,120.29,118.44,1.02
2022-11-30,DocuSign,DocuSign Inc,5112.31,66.0,60.0,85.21,77.46,1.1
2022-12-01,DocuSign,DocuSign Inc,105146.88,281.0,213.0,493.65,374.19,1.32
2022-12-02,DocuSign,DocuSign Inc,14388.62,151.0,151.0,95.29,95.29,1.0
2022-12-03,DocuSign,DocuSign Inc,21624.33,209.0,209.0,103.47,103.47,1.0
2022-12-04,DocuSign,DocuSign Inc,11535.54,79.0,79.0,146.02,146.02,1.0
2022-12-05,DocuSign,DocuSign Inc,22919.05,355.0,348.0,65.86,64.56,1.02
2022-12-06,DocuSign,DocuSign Inc,15501.03,190.0,186.0,83.34,81.58,1.02
2022-12-07,DocuSign,DocuSign Inc,3726.4,50.0,48.0,77.63,74.53,1.04
2022-12-08,DocuSign,DocuSign Inc,39110.14,300.0,283.0,138.2,130.37,1.06
2022-12-09,DocuSign,DocuSign Inc,16451.33,154.0,146.0,112.68,106.83,1.05
2022-12-10,DocuSign,DocuSign Inc,27888.73,220.0,220.0,126.77,126.77,1.0
2022-12-11,DocuSign,DocuSign Inc,9726.5,158.0,158.0,61.56,61.56,1.0
2022-12-12,DocuSign,DocuSign Inc,13193.53,189.0,162.0,81.44,69.81,1.17
2022-12-13,DocuSign,DocuSign Inc,24973.92,181.0,179.0,139.52,137.98,1.01
2022-12-14,DocuSign,DocuSign Inc,21599.58,224.0,224.0,96.43,96.43,1.0
2022-12-15,DocuSign,DocuSign Inc,19782.54,194.0,190.0,104.12,101.97,1.02
2022-12-16,DocuSign,DocuSign Inc,45016.49,232.0,232.0,194.04,194.04,1.0
2022-12-17,DocuSign,DocuSign Inc,28977.37,283.0,268.0,108.12,102.39,1.06
2022-12-18,DocuSign,DocuSign Inc,708.17,29.0,29.0,24.42,24.42,1.0
2022-12-19,DocuSign,DocuSign Inc,19641.61,196.0,196.0,100.21,100.21,1.0
2022-12-20,DocuSign,DocuSign Inc,23420.8,300.0,295.0,79.39,78.07,1.02
2022-12-21,DocuSign,DocuSign Inc,10881.9,65.0,62.0,175.51,167.41,1.05
2022-12-22,DocuSign,DocuSign Inc,14147.02,261.0,253.0,55.92,54.2,1.03
2022-12-23,DocuSign,DocuSign Inc,12510.16,121.0,113.0,110.71,103.39,1.07
2022-12-24,DocuSign,DocuSign Inc,15243.13,301.0,288.0,52.93,50.64,1.05
2022-12-25,DocuSign,DocuSign Inc,1574.74,34.0,31.0,50.8,46.32,1.1
2022-12-26,DocuSign,DocuSign Inc,12670.17,221.0,219.0,57.85,57.33,1.01
2022-12-27,DocuSign,DocuSign Inc,11628.43,173.0,170.0,68.4,67.22,1.02
2022-12-28,DocuSign,DocuSign Inc,6347.97,95.0,95.0,66.82,66.82,1.0
2022-12-29,DocuSign,DocuSign Inc,14845.97,139.0,139.0,106.81,106.81,1.0
2022-12-30,DocuSign,DocuSign Inc,43495.13,296.0,296.0,146.94,146.94,1.0
2022-12-31,DocuSign,DocuSign Inc,2686.17,58.0,58.0,46.31,46.31,1.0
2023-01-01,DocuSign,DocuSign Inc,6750.26,36.0,33.0,204.55,187.51,1.09
2023-01-02,DocuSign,DocuSign Inc,19931.04,194.0,193.0,103.27,102.74,1.01
2023-01-03,DocuSign,DocuSign Inc,7008.43,130.0,125.0,56.07,53.91,1.04
2023-01-04,DocuSign,DocuSign Inc,32856.76,356.0,355.0,92.55,92.29,1.0
2023-01-05,DocuSign,DocuSign Inc,20042.42,228.0,202.0,99.22,87.91,1.13
2023-01-06,DocuSign,DocuSign Inc,5384.39,69.0,68.0,79.18,78.03,1.01
2023-01-07,DocuSign,DocuSign Inc,15370.93,189.0,182.0,84.46,81.33,1.04
2023-01-08,DocuSign,DocuSign Inc,10484.9,178.0,169.0,62.04,58.9,1.05
2023-01-09,DocuSign,DocuSign Inc,16052.76,235.0,232.0,69.19,68.31,1.01
2023-01-10,DocuSign,DocuSign Inc,11891.96,99.0,98.0,121.35,120.12,1.01
2023-01-11,DocuSign,DocuSign Inc,26420.09,168.0,168.0,157.26,157.26,1.0
2023-01-12,DocuSign,DocuSign Inc,17228.26,188.0,186.0,92.63,91.64,1.01
2023-01-13,DocuSign,DocuSign Inc,33290.85,301.0,300.0,110.97,110.6,1.0
2023-01-14,DocuSign,DocuSign Inc,21880.56,207.0,188.0,116.39,105.7,1.1
2023-01-15,DocuSign,DocuSign Inc,22124.15,207.0,207.0,106.88,106.88,1.0
2023-01-16,DocuSign,DocuSign Inc,8485.27,102.0,98.0,86.58,83.19,1.04
2023-01-17,DocuSign,DocuSign Inc,17472.62,228.0,228.0,76.63,76.63,1.0
2023-01-18,DocuSign,DocuSign Inc,25802.84,183.0,182.0,141.77,141.0,1.01
2023-01-19,DocuSign,DocuSign Inc,17352.26,202.0,200.0,86.76,85.9,1.01
2023-01-20,DocuSign,DocuSign Inc,22820.46,202.0,202.0,112.97,112.97,1.0
2023-01-21,DocuSign,DocuSign Inc,10353.09,130.0,129.0,80.26,79.64,1.01
2023-01-22,DocuSign,DocuSign Inc,54503.49,240.0,240.0,227.1,227.1,1.0
2023-01-23,DocuSign,DocuSign Inc,26512.73,233.0,233.0,113.79,113.79,1.0
2023-01-24,DocuSign,DocuSign Inc,11405.81,162.0,148.0,77.07,70.41,1.09
2023-01-25,DocuSign,DocuSign Inc,33613.65,261.0,258.0,130.29,128.79,1.01
2023-01-26,DocuSign,DocuSign Inc,9846.09,129.0,128.0,76.92,76.33,1.01
2023-01-27,DocuSign,DocuSign Inc,25925.77,270.0,270.0,96.02,96.02,1.0
2023-01-28,DocuSign,DocuSign Inc,7270.98,111.0,97.0,74.96,65.5,1.14
2023-01-29,DocuSign,DocuSign Inc,13360.36,226.0,222.0,60.18,59.12,1.02
2023-01-30,DocuSign,DocuSign Inc,23453.94,192.0,192.0,122.16,122.16,1.0
2023-01-31,DocuSign,DocuSign Inc,23716.59,156.0,156.0,152.03,152.03,1.0
2023-02-01,DocuSign,DocuSign Inc,61225.61,90.0,83.0,737.66,680.28,1.08
2023-02-02,DocuSign,DocuSign Inc,42035.99,332.0,325.0,129.34,126.61,1.02
2023-02-03,DocuSign,DocuSign Inc,18719.34,246.0,246.0,76.09,76.09,1.0
2023-02-04,DocuSign,DocuSign Inc,4437.04,28.0,28.0,158.47,158.47,1.0
2023-02-05,DocuSign,DocuSign Inc,18635.08,273.0,270.0,69.02,68.26,1.01
2023-02-06,DocuSign,DocuSign Inc,16386.19,223.0,220.0,74.48,73.48,1.01
2023-02-07,DocuSign,DocuSign Inc,17411.34,221.0,217.0,80.24,78.78,1.02
2023-02-08,DocuSign,DocuSign Inc,17765.6,168.0,158.0,112.44,105.75,1.06
2023-02-09,DocuSign,DocuSign Inc,16282.36,199.0,191.0,85.25,81.82,1.04
2023-02-10,DocuSign,DocuSign Inc,27012.94,266.0,253.0,106.77,101.55,1.05
2023-02-11,DocuSign,DocuSign Inc,29879.57,189.0,187.0,159.78,158.09,1.01
2023-02-12,DocuSign,DocuSign Inc,14177.98,201.0,201.0,70.54,70.54,1.0
2023-02-13,DocuSign,DocuSign Inc,15209.09,198.0,174.0,87.41,76.81,1.14
2023-02-14,DocuSign,DocuSign Inc,17724.42,207.0,207.0,85.63,85.63,1.0
2023-02-15,DocuSign,DocuSign Inc,14618.58,221.0,217.0,67.37,66.15,1.02
2023-02-16,DocuSign,DocuSign Inc,24782.94,218.0,215.0,115.27,113.68,1.01
2023-02-17,DocuSign,DocuSign Inc,21265.27,190.0,188.0,113.11,111.92,1.01
2023-02-18,DocuSign,DocuSign Inc,17332.23,257.0,254.0,68.24,67.44,1.01
2023-02-19,DocuSign,DocuSign Inc,32151.04,180.0,179.0,179.61,178.62,1.01
2023-02-20,DocuSign,DocuSign Inc,9714.55,124.0,116.0,83.75,78.34,1.07
2023-02-21,DocuSign,DocuSign Inc,25033.11,167.0,161.0,155.49,149.9,1.04
2023-02-22,DocuSign,DocuSign Inc,17145.36,174.0,173.0,99.11,98.54,1.01
2023-02-23,DocuSign,DocuSign Inc,24543.72,257.0,255.0,96.25,95.5,1.01
2023-02-24,DocuSign,DocuSign Inc,26525.12,263.0,261.0,101.63,100.86,1.01
2023-02-25,DocuSign,DocuSign Inc,36655.37,269.0,261.0,140.44,136.27,1.03
2023-02-26,DocuSign,DocuSign Inc,18243.69,144.0,135.0,135.14,126.69,1.07
2023-02-27,DocuSign,DocuSign Inc,24186.7,215.0,195.0,124.03,112.5,1.1
2023-02-28,DocuSign,DocuSign Inc,18355.09,261.0,240.0,76.48,70.33,1.09
2023-03-01,DocuSign,DocuSign Inc,22773.16,433.0,405.0,56.23,52.59,1.07
2023-03-02,DocuSign,DocuSign Inc,27068.66,287.0,265.0,102.15,94.32,1.08
2023-03-03,DocuSign,DocuSign Inc,15173.5,272.0,262.0,57.91,55.78,1.04
2023-03-04,DocuSign,DocuSign Inc,93383.48,123.0,123.0,759.22,759.22,1.0
2023-03-05,DocuSign,DocuSign Inc,24449.48,321.0,310.0,78.87,76.17,1.04
2023-03-06,DocuSign,DocuSign Inc,96422.26,408.0,362.0,266.36,236.33,1.13
2023-03-07,DocuSign,DocuSign Inc,23192.96,267.0,260.0,89.2,86.87,1.03
2023-03-08,DocuSign,DocuSign Inc,20359.43,140.0,122.0,166.88,145.42,1.15
2023-03-09,DocuSign,DocuSign Inc,33791.97,163.0,157.0,215.24,207.31,1.04
2023-03-10,DocuSign,DocuSign Inc,21361.19,270.0,270.0,79.12,79.12,1.0
2023-03-11,DocuSign,DocuSign Inc,25192.95,204.0,204.0,123.49,123.49,1.0
2023-03-12,DocuSign,DocuSign Inc,19186.52,174.0,170.0,112.86,110.27,1.02
2023-03-13,DocuSign,DocuSign Inc,25895.64,176.0,176.0,147.13,147.13,1.0
2023-03-14,DocuSign,DocuSign Inc,61644.66,302.0,302.0,204.12,204.12,1.0
2023-03-15,DocuSign,DocuSign Inc,34718.96,251.0,251.0,138.32,138.32,1.0
2023-03-16,DocuSign,DocuSign Inc,28453.41,235.0,207.0,137.46,121.08,1.14
2023-03-17,DocuSign,DocuSign Inc,24375.81,263.0,261.0,93.39,92.68,1.01
2023-03-18,DocuSign,DocuSign Inc,21972.96,188.0,188.0,116.88,116.88,1.0
2023-03-19,DocuSign,DocuSign Inc,22473.09,289.0,288.0,78.03,77.76,1.0
2023-03-20,DocuSign,DocuSign Inc,7642.53,66.0,65.0,117.58,115.8,1.02
2023-03-21,DocuSign,DocuSign Inc,42998.06,252.0,252.0,170.63,170.63,1.0
2023-03-22,DocuSign,DocuSign Inc,14178.29,162.0,159.0,89.17,87.52,1.02
2023-03-23,DocuSign,DocuSign Inc,31407.71,297.0,294.0,106.83,105.75,1.01
2023-03-24,DocuSign,DocuSign Inc,7155.92,93.0,87.0,82.25,76.95,1.07
2023-03-25,DocuSign,DocuSign Inc,5539.62,95.0,95.0,58.31,58.31,1.0
2023-03-26,DocuSign,DocuSign Inc,24636.95,187.0,187.0,131.75,131.75,1.0
2023-03-27,DocuSign,DocuSign Inc,41655.76,393.0,376.0,110.79,105.99,1.05
2023-03-28,DocuSign,DocuSign Inc,56055.1,210.0,196.0,286.0,266.93,1.07
2023-03-29,DocuSign,DocuSign Inc,12293.6,161.0,147.0,83.63,76.36,1.1
2023-03-30,DocuSign,DocuSign Inc,18671.13,202.0,177.0,105.49,92.43,1.14
2023-03-31,DocuSign,DocuSign Inc,41536.23,309.0,247.0,168.16,134.42,1.25
2023-04-01,DocuSign,DocuSign Inc,108933.46,147.0,124.0,878.5,741.04,1.19
2023-04-02,DocuSign,DocuSign Inc,36676.79,210.0,198.0,185.24,174.65,1.06
2023-04-03,DocuSign,DocuSign Inc,46064.84,335.0,334.0,137.92,137.51,1.0
2023-04-04,DocuSign,DocuSign Inc,13286.15,156.0,152.0,87.41,85.17,1.03
2023-04-05,DocuSign,DocuSign Inc,38108.91,203.0,195.0,195.43,187.73,1.04
2023-04-06,DocuSign,DocuSign Inc,21436.24,210.0,209.0,102.57,102.08,1.0
2023-04-07,DocuSign,DocuSign Inc,39514.44,288.0,287.0,137.68,137.2,1.0
2023-04-08,DocuSign,DocuSign Inc,38226.81,132.0,132.0,289.6,289.6,1.0
2023-04-09,DocuSign,DocuSign Inc,20896.37,168.0,162.0,128.99,124.38,1.04
2023-04-10,DocuSign,DocuSign Inc,12052.12,177.0,177.0,68.09,68.09,1.0
2023-04-11,DocuSign,DocuSign Inc,45603.96,211.0,198.0,230.32,216.13,1.07
2023-04-12,DocuSign,DocuSign Inc,38133.81,292.0,292.0,130.6,130.6,1.0
2023-04-13,DocuSign,DocuSign Inc,25831.39,124.0,114.0,226.59,208.32,1.09
2023-04-14,DocuSign,DocuSign Inc,29359.85,198.0,192.0,152.92,148.28,1.03
2023-04-15,DocuSign,DocuSign Inc,18551.87,166.0,165.0,112.44,111.76,1.01
2023-04-16,DocuSign,DocuSign Inc,16868.34,169.0,165.0,102.23,99.81,1.02
2023-04-17,DocuSign,DocuSign Inc,30843.71,301.0,255.0,120.96,102.47,1.18
2023-04-18,DocuSign,DocuSign Inc,20592.85,231.0,212.0,97.14,89.15,1.09
2023-04-19,DocuSign,DocuSign Inc,16843.58,155.0,155.0,108.67,108.67,1.0
2023-04-20,DocuSign,DocuSign Inc,41925.68,331.0,331.0,126.66,126.66,1.0
2023-04-21,DocuSign,DocuSign Inc,27591.53,201.0,201.0,137.27,137.27,1.0
2023-04-22,DocuSign,DocuSign Inc,16618.19,203.0,200.0,83.09,81.86,1.01
2023-04-23,DocuSign,DocuSign Inc,5771.35,104.0,104.0,55.49,55.49,1.0
2023-04-24,DocuSign,DocuSign Inc,21898.54,307.0,302.0,72.51,71.33,1.02
2023-04-25,DocuSign,DocuSign Inc,12133.67,60.0,55.0,220.61,202.23,1.09
2023-04-26,DocuSign,DocuSign Inc,20859.49,201.0,195.0,106.97,103.78,1.03
2023-04-27,DocuSign,DocuSign Inc,78084.21,258.0,254.0,307.42,302.65,1.02
2023-04-28,DocuSign,DocuSign Inc,24029.12,231.0,225.0,106.8,104.02,1.03
2023-04-29,DocuSign,DocuSign Inc,30939.83,215.0,211.0,146.63,143.91,1.02
2023-04-30,DocuSign,DocuSign Inc,21883.39,169.0,113.0,193.66,129.49,1.5
2023-05-01,DocuSign,DocuSign Inc,91110.48,250.0,237.0,384.43,364.44,1.05
2023-05-02,DocuSign,DocuSign Inc,54347.46,236.0,232.0,234.26,230.29,1.02
2023-05-03,DocuSign,DocuSign Inc,40044.73,192.0,182.0,220.03,208.57,1.05
2023-05-04,DocuSign,DocuSign Inc,12549.8,172.0,165.0,76.06,72.96,1.04
2023-05-05,DocuSign,DocuSign Inc,22075.38,295.0,275.0,80.27,74.83,1.07
2023-05-06,DocuSign,DocuSign Inc,35392.55,263.0,263.0,134.57,134.57,1.0
2023-05-07,DocuSign,DocuSign Inc,29320.96,184.0,166.0,176.63,159.35,1.11
2023-05-08,DocuSign,DocuSign Inc,58132.05,292.0,281.0,206.88,199.08,1.04
2023-05-09,DocuSign,DocuSign Inc,21094.09,203.0,200.0,105.47,103.91,1.01
2023-05-10,DocuSign,DocuSign Inc,13276.93,163.0,163.0,81.45,81.45,1.0
2023-05-11,DocuSign,DocuSign Inc,28733.74,173.0,167.0,172.06,166.09,1.04
2023-05-12,DocuSign,DocuSign Inc,47680.52,221.0,220.0,216.73,215.75,1.0
2023-05-13,DocuSign,DocuSign Inc,15661.93,198.0,197.0,79.5,79.1,1.01
2023-05-14,DocuSign,DocuSign Inc,17206.04,146.0,145.0,118.66,117.85,1.01
2023-05-15,DocuSign,DocuSign Inc,38697.12,263.0,257.0,150.57,147.14,1.02
2023-05-16,DocuSign,DocuSign Inc,22573.75,183.0,174.0,129.73,123.35,1.05
2023-05-17,DocuSign,DocuSign Inc,23550.85,241.0,240.0,98.13,97.72,1.0
2023-05-18,DocuSign,DocuSign Inc,32670.96,284.0,280.0,116.68,115.04,1.01
2023-05-19,DocuSign,DocuSign Inc,22178.0,193.0,192.0,115.51,114.91,1.01
2023-05-20,DocuSign,DocuSign Inc,25734.77,297.0,294.0,87.53,86.65,1.01
2023-05-21,DocuSign,DocuSign Inc,6878.13,64.0,64.0,107.47,107.47,1.0
2023-05-22,DocuSign,DocuSign Inc,27381.18,254.0,253.0,108.23,107.8,1.0
2023-05-23,DocuSign,DocuSign Inc,33761.55,197.0,185.0,182.49,171.38,1.06
2023-05-24,DocuSign,DocuSign Inc,61433.25,304.0,288.0,213.31,202.08,1.06
2023-05-25,DocuSign,DocuSign Inc,26577.09,227.0,212.0,125.36,117.08,1.07
2023-05-26,DocuSign,DocuSign Inc,55759.3,224.0,104.0,536.15,248.93,2.15
2023-05-27,DocuSign,DocuSign Inc,17322.43,178.0,163.0,106.27,97.32,1.09
2023-05-28,DocuSign,DocuSign Inc,18402.52,183.0,172.0,106.99,100.56,1.06
2023-05-29,DocuSign,DocuSign Inc,28485.0,299.0,288.0,98.91,95.27,1.04
2023-05-30,DocuSign,DocuSign Inc,15690.87,196.0,179.0,87.66,80.06,1.09
2023-05-31,DocuSign,DocuSign Inc,60500.99,160.0,147.0,411.57,378.13,1.09
2023-06-01,DocuSign,DocuSign Inc,8607.72,66.0,52.0,165.53,130.42,1.27
2023-06-02,DocuSign,DocuSign Inc,34233.33,300.0,300.0,114.11,114.11,1.0
2023-06-03,DocuSign,DocuSign Inc,17298.67,202.0,202.0,85.64,85.64,1.0
2023-06-04,DocuSign,DocuSign Inc,13604.62,131.0,125.0,108.84,103.85,1.05
2023-06-05,DocuSign,DocuSign Inc,23348.5,216.0,195.0,119.74,108.09,1.11
2023-06-06,DocuSign,DocuSign Inc,14015.76,213.0,208.0,67.38,65.8,1.02
2023-06-07,DocuSign,DocuSign Inc,26151.8,191.0,190.0,137.64,136.92,1.01
2023-06-08,DocuSign,DocuSign Inc,33157.14,299.0,296.0,112.02,110.89,1.01
2023-06-09,DocuSign,DocuSign Inc,8796.12,131.0,131.0,67.15,67.15,1.0
2023-06-10,DocuSign,DocuSign Inc,13732.33,195.0,195.0,70.42,70.42,1.0
2023-06-11,DocuSign,DocuSign Inc,19677.75,214.0,214.0,91.95,91.95,1.0
2023-06-12,DocuSign,DocuSign Inc,30369.41,234.0,230.0,132.04,129.78,1.02
2023-06-13,DocuSign,DocuSign Inc,13837.65,190.0,187.0,74.0,72.83,1.02
2023-06-14,DocuSign,DocuSign Inc,7868.39,148.0,146.0,53.89,53.16,1.01
2023-06-15,DocuSign,DocuSign Inc,22322.66,156.0,156.0,143.09,143.09,1.0
2023-06-16,DocuSign,DocuSign Inc,17359.89,212.0,212.0,81.89,81.89,1.0
2023-06-17,DocuSign,DocuSign Inc,25138.22,198.0,198.0,126.96,126.96,1.0
2023-06-18,DocuSign,DocuSign Inc,17454.23,201.0,201.0,86.84,86.84,1.0
2023-06-19,DocuSign,DocuSign Inc,20876.41,160.0,155.0,134.69,130.48,1.03
2023-06-20,DocuSign,DocuSign Inc,36212.68,249.0,249.0,145.43,145.43,1.0
2023-06-21,DocuSign,DocuSign Inc,10806.95,200.0,200.0,54.03,54.03,1.0
2023-06-22,DocuSign,DocuSign Inc,44835.63,334.0,290.0,154.61,134.24,1.15
2023-06-23,DocuSign,DocuSign Inc,24167.53,254.0,254.0,95.15,95.15,1.0
2023-06-24,DocuSign,DocuSign Inc,13406.3,223.0,188.0,71.31,60.12,1.19
2023-06-25,DocuSign,DocuSign Inc,18311.6,128.0,128.0,143.06,143.06,1.0
2023-06-26,DocuSign,DocuSign Inc,37826.74,280.0,278.0,136.07,135.1,1.01
2023-06-27,DocuSign,DocuSign Inc,9547.73,117.0,117.0,81.6,81.6,1.0
2023-06-28,DocuSign,DocuSign Inc,25394.9,302.0,295.0,86.08,84.09,1.02
2023-06-29,DocuSign,DocuSign Inc,21108.6,222.0,202.0,104.5,95.08,1.1
2023-06-30,DocuSign,DocuSign Inc,49602.0,224.0,212.0,233.97,221.44,1.06
2023-07-01,DocuSign,DocuSign Inc,23575.57,201.0,201.0,117.29,117.29,1.0
2023-07-02,DocuSign,DocuSign Inc,31311.49,198.0,191.0,163.93,158.14,1.04
2023-07-03,DocuSign,DocuSign Inc,14912.12,212.0,212.0,70.34,70.34,1.0
2023-07-04,DocuSign,DocuSign Inc,27154.85,211.0,210.0,129.31,128.7,1.0
2023-07-05,DocuSign,DocuSign Inc,17438.47,222.0,216.0,80.73,78.55,1.03
2023-07-06,DocuSign,DocuSign Inc,27798.48,294.0,267.0,104.11,94.55,1.1
2023-07-07,DocuSign,DocuSign Inc,20213.73,203.0,201.0,100.57,99.58,1.01
2023-07-08,DocuSign,DocuSign Inc,17386.04,209.0,205.0,84.81,83.19,1.02
2023-07-09,DocuSign,DocuSign Inc,20481.24,156.0,156.0,131.29,131.29,1.0
2023-07-10,DocuSign,DocuSign Inc,34647.14,244.0,230.0,150.64,142.0,1.06
2023-07-11,DocuSign,DocuSign Inc,17589.45,186.0,179.0,98.27,94.57,1.04
2023-07-12,DocuSign,DocuSign Inc,13037.65,145.0,145.0,89.91,89.91,1.0
2023-07-13,DocuSign,DocuSign Inc,17781.16,196.0,191.0,93.1,90.72,1.03
2023-07-14,DocuSign,DocuSign Inc,40922.53,403.0,386.0,106.02,101.54,1.04
2023-07-15,DocuSign,DocuSign Inc,634.54,19.0,19.0,33.4,33.4,1.0
2023-07-16,DocuSign,DocuSign Inc,20710.55,205.0,204.0,101.52,101.03,1.0
2023-07-17,DocuSign,DocuSign Inc,23808.11,208.0,206.0,115.57,114.46,1.01
2023-07-18,DocuSign,DocuSign Inc,30510.53,267.0,265.0,115.13,114.27,1.01
2023-07-19,DocuSign,DocuSign Inc,23047.09,101.0,98.0,235.17,228.19,1.03
2023-07-20,DocuSign,DocuSign Inc,29726.14,271.0,256.0,116.12,109.69,1.06
2023-07-21,DocuSign,DocuSign Inc,29013.09,254.0,237.0,122.42,114.22,1.07
2023-07-22,DocuSign,DocuSign Inc,11849.74,155.0,155.0,76.45,76.45,1.0
2023-07-23,DocuSign,DocuSign Inc,24248.17,193.0,189.0,128.3,125.64,1.02
2023-07-24,DocuSign,DocuSign Inc,28819.88,301.0,288.0,100.07,95.75,1.05
2023-07-25,DocuSign,DocuSign Inc,44400.92,244.0,234.0,189.75,181.97,1.04
2023-07-26,DocuSign,DocuSign Inc,27526.49,136.0,130.0,211.74,202.4,1.05
2023-07-27,DocuSign,DocuSign Inc,41120.44,218.0,216.0,190.37,188.63,1.01
2023-07-28,DocuSign,DocuSign Inc,29264.71,260.0,257.0,113.87,112.56,1.01
2023-07-29,DocuSign,DocuSign Inc,44266.65,282.0,277.0,159.81,156.97,1.02
2023-07-30,DocuSign,DocuSign Inc,14947.6,118.0,118.0,126.67,126.67,1.0
2023-07-31,DocuSign,DocuSign Inc,31319.64,205.0,202.0,155.05,152.78,1.01
2023-08-01,DocuSign,DocuSign Inc,8063.78,70.0,67.0,120.35,115.2,1.04
2023-08-02,DocuSign,DocuSign Inc,24741.78,196.0,196.0,126.23,126.23,1.0
2023-08-03,DocuSign,DocuSign Inc,28392.83,293.0,260.0,109.2,96.9,1.13
2023-08-04,DocuSign,DocuSign Inc,36096.84,231.0,210.0,171.89,156.26,1.1
2023-08-05,DocuSign,DocuSign Inc,27151.31,157.0,157.0,172.94,172.94,1.0
2023-08-06,DocuSign,DocuSign Inc,15176.88,189.0,188.0,80.73,80.3,1.01
2023-08-07,DocuSign,DocuSign Inc,17543.75,189.0,178.0,98.56,92.82,1.06
2023-08-08,DocuSign,DocuSign Inc,16821.46,245.0,232.0,72.51,68.66,1.06
2023-08-09,DocuSign,DocuSign Inc,39826.79,223.0,213.0,186.98,178.6,1.05
2023-08-10,DocuSign,DocuSign Inc,34255.28,205.0,205.0,167.1,167.1,1.0
2023-08-11,DocuSign,DocuSign Inc,28523.38,214.0,211.0,135.18,133.29,1.01
2023-08-12,DocuSign,DocuSign Inc,12824.02,125.0,125.0,102.59,102.59,1.0
2023-08-13,DocuSign,DocuSign Inc,19904.15,184.0,178.0,111.82,108.17,1.03
2023-08-14,DocuSign,DocuSign Inc,35949.34,146.0,136.0,264.33,246.23,1.07
2023-08-15,DocuSign,DocuSign Inc,22231.71,178.0,169.0,131.55,124.9,1.05
2023-08-16,DocuSign,DocuSign Inc,29326.43,281.0,260.0,112.79,104.36,1.08
2023-08-17,DocuSign,DocuSign Inc,28373.18,259.0,259.0,109.55,109.55,1.0
2023-08-18,DocuSign,DocuSign Inc,26071.61,242.0,242.0,107.73,107.73,1.0
2023-08-19,DocuSign,DocuSign Inc,19611.61,150.0,139.0,141.09,130.74,1.08
2023-08-20,DocuSign,DocuSign Inc,31304.24,187.0,186.0,168.3,167.4,1.01
2023-08-21,DocuSign,DocuSign Inc,15549.87,209.0,208.0,74.76,74.4,1.0
2023-08-22,DocuSign,DocuSign Inc,30251.41,259.0,239.0,126.57,116.8,1.08
2023-08-23,DocuSign,DocuSign Inc,27365.84,209.0,194.0,141.06,130.94,1.08
2023-08-24,DocuSign,DocuSign Inc,35384.23,295.0,288.0,122.86,119.95,1.02
2023-08-25,DocuSign,DocuSign Inc,23057.24,226.0,216.0,106.75,102.02,1.05
2023-08-26,DocuSign,DocuSign Inc,16457.57,147.0,139.0,118.4,111.96,1.06
2023-08-27,DocuSign,DocuSign Inc,12815.35,138.0,135.0,94.93,92.86,1.02
2023-08-28,DocuSign,DocuSign Inc,40228.2,348.0,320.0,125.71,115.6,1.09
2023-08-29,DocuSign,DocuSign Inc,50142.57,336.0,305.0,164.4,149.23,1.1
2023-08-30,DocuSign,DocuSign Inc,13239.62,154.0,130.0,101.84,85.97,1.18
2023-08-31,DocuSign,DocuSign Inc,42409.78,216.0,212.0,200.05,196.34,1.02
2023-09-01,DocuSign,DocuSign Inc,39184.98,197.0,148.0,264.76,198.91,1.33
2023-09-02,DocuSign,DocuSign Inc,15117.29,190.0,166.0,91.07,79.56,1.14
2023-09-03,DocuSign,DocuSign Inc,18628.27,180.0,180.0,103.49,103.49,1.0
2023-09-04,DocuSign,DocuSign Inc,7123.03,116.0,116.0,61.41,61.41,1.0
2023-09-05,DocuSign,DocuSign Inc,18406.67,168.0,162.0,113.62,109.56,1.04
2023-09-06,DocuSign,DocuSign Inc,20479.45,231.0,231.0,88.66,88.66,1.0
2023-09-07,DocuSign,DocuSign Inc,16807.43,189.0,186.0,90.36,88.93,1.02
2023-09-08,DocuSign,DocuSign Inc,31704.26,218.0,211.0,150.26,145.43,1.03
2023-09-09,DocuSign,DocuSign Inc,8961.81,170.0,170.0,52.72,52.72,1.0
2023-09-10,DocuSign,DocuSign Inc,20550.08,172.0,172.0,119.48,119.48,1.0
2023-09-11,DocuSign,DocuSign Inc,16935.64,206.0,189.0,89.61,82.21,1.09
2023-09-12,DocuSign,DocuSign Inc,22725.12,222.0,210.0,108.21,102.37,1.06
2023-09-13,DocuSign,DocuSign Inc,26163.46,223.0,222.0,117.85,117.32,1.0
2023-09-14,DocuSign,DocuSign Inc,44130.61,246.0,238.0,185.42,179.39,1.03
2023-09-15,DocuSign,DocuSign Inc,9032.12,142.0,137.0,65.93,63.61,1.04
2023-09-16,DocuSign,DocuSign Inc,30215.23,160.0,154.0,196.2,188.85,1.04
2023-09-17,DocuSign,DocuSign Inc,39948.54,293.0,202.0,197.77,136.34,1.45
2023-09-18,DocuSign,DocuSign Inc,35148.15,223.0,221.0,159.04,157.62,1.01
2023-09-19,DocuSign,DocuSign Inc,19383.84,224.0,191.0,101.49,86.54,1.17
2023-09-20,DocuSign,DocuSign Inc,33112.84,236.0,216.0,153.3,140.31,1.09
2023-09-21,DocuSign,DocuSign Inc,22703.72,227.0,227.0,100.02,100.02,1.0
2023-09-22,DocuSign,DocuSign Inc,23017.27,259.0,250.0,92.07,88.87,1.04
2023-09-23,DocuSign,DocuSign Inc,23800.62,203.0,198.0,120.21,117.24,1.03
2023-09-24,DocuSign,DocuSign Inc,17952.75,215.0,212.0,84.68,83.5,1.01
2023-09-25,DocuSign,DocuSign Inc,32262.17,268.0,264.0,122.21,120.38,1.02
2023-09-26,DocuSign,DocuSign Inc,39519.85,169.0,166.0,238.07,233.85,1.02
2023-09-27,DocuSign,DocuSign Inc,11342.35,186.0,170.0,66.72,60.98,1.09
2023-09-28,DocuSign,DocuSign Inc,43819.27,302.0,244.0,179.59,145.1,1.24
2023-09-29,DocuSign,DocuSign Inc,20124.97,189.0,176.0,114.35,106.48,1.07
2023-09-30,DocuSign,DocuSign Inc,19508.48,198.0,142.0,137.38,98.53,1.39
2023-10-01,DocuSign,DocuSign Inc,16720.49,258.0,258.0,64.81,64.81,1.0
2023-10-02,DocuSign,DocuSign Inc,33901.5,187.0,185.0,183.25,181.29,1.01
2023-10-03,DocuSign,DocuSign Inc,26252.92,264.0,256.0,102.55,99.44,1.03
2023-10-04,DocuSign,DocuSign Inc,25354.76,158.0,158.0,160.47,160.47,1.0
2023-10-05,DocuSign,DocuSign Inc,22061.12,195.0,195.0,113.13,113.13,1.0
2023-10-06,DocuSign,DocuSign Inc,24703.88,252.0,242.0,102.08,98.03,1.04
2023-10-07,DocuSign,DocuSign Inc,9866.95,178.0,172.0,57.37,55.43,1.03
2023-10-08,DocuSign,DocuSign Inc,9226.99,143.0,143.0,64.52,64.52,1.0
2023-10-09,DocuSign,DocuSign Inc,18616.04,199.0,191.0,97.47,93.55,1.04
2023-10-10,DocuSign,DocuSign Inc,42711.87,220.0,218.0,195.93,194.14,1.01
2023-10-11,DocuSign,DocuSign Inc,28232.96,202.0,183.0,154.28,139.77,1.1
2023-10-12,DocuSign,DocuSign Inc,35353.04,164.0,164.0,215.57,215.57,1.0
2023-10-13,DocuSign,DocuSign Inc,64895.24,330.0,302.0,214.88,196.65,1.09
2023-10-14,DocuSign,DocuSign Inc,17926.32,191.0,187.0,95.86,93.86,1.02
2023-10-15,DocuSign,DocuSign Inc,31888.97,156.0,156.0,204.42,204.42,1.0
2023-10-16,DocuSign,DocuSign Inc,12692.11,160.0,160.0,79.33,79.33,1.0
2023-10-17,DocuSign,DocuSign Inc,29890.03,225.0,225.0,132.84,132.84,1.0
2023-10-18,DocuSign,DocuSign Inc,21991.61,193.0,184.0,119.52,113.95,1.05
2023-10-19,DocuSign,DocuSign Inc,26946.14,219.0,210.0,128.31,123.04,1.04
2023-10-20,DocuSign,DocuSign Inc,37878.79,269.0,261.0,145.13,140.81,1.03
2023-10-21,DocuSign,DocuSign Inc,23722.76,235.0,221.0,107.34,100.95,1.06
2023-10-22,DocuSign,DocuSign Inc,10199.91,202.0,189.0,53.97,50.49,1.07
2023-10-23,DocuSign,DocuSign Inc,30972.99,238.0,230.0,134.67,130.14,1.03
2023-10-24,DocuSign,DocuSign Inc,17862.62,258.0,248.0,72.03,69.23,1.04
2023-10-25,DocuSign,DocuSign Inc,39592.15,250.0,241.0,164.28,158.37,1.04
2023-10-26,DocuSign,DocuSign Inc,109761.55,209.0,198.0,554.35,525.17,1.06
2023-10-27,DocuSign,DocuSign Inc,66233.08,258.0,245.0,270.34,256.72,1.05
2023-10-28,DocuSign,DocuSign Inc,31490.73,229.0,228.0,138.12,137.51,1.0
2023-10-29,DocuSign,DocuSign Inc,20200.8,175.0,172.0,117.45,115.43,1.02
2023-10-30,DocuSign,DocuSign Inc,26783.28,211.0,210.0,127.54,126.93,1.0
2023-10-31,DocuSign,DocuSign Inc,35899.21,200.0,199.0,180.4,179.5,1.01
2023-11-01,DocuSign,DocuSign Inc,24993.71,231.0,229.0,109.14,108.2,1.01
2023-11-02,DocuSign,DocuSign Inc,42931.32,243.0,223.0,192.52,176.67,1.09
2023-11-03,DocuSign,DocuSign Inc,19525.47,258.0,252.0,77.48,75.68,1.02
2023-11-04,DocuSign,DocuSign Inc,21982.84,177.0,177.0,124.2,124.2,1.0
2023-11-05,DocuSign,DocuSign Inc,19590.05,324.0,318.0,61.6,60.46,1.02
2023-11-06,DocuSign,DocuSign Inc,46382.32,86.0,77.0,602.37,539.33,1.12
2023-11-07,DocuSign,DocuSign Inc,22919.3,278.0,260.0,88.15,82.44,1.07
2023-11-08,DocuSign,DocuSign Inc,14547.2,179.0,177.0,82.19,81.27,1.01
2023-11-09,DocuSign,DocuSign Inc,20582.41,197.0,197.0,104.48,104.48,1.0
2023-11-10,DocuSign,DocuSign Inc,27079.32,212.0,211.0,128.34,127.73,1.0
2023-11-11,DocuSign,DocuSign Inc,20785.77,170.0,170.0,122.27,122.27,1.0
2023-11-12,DocuSign,DocuSign Inc,12903.2,160.0,156.0,82.71,80.65,1.03
2023-11-13,DocuSign,DocuSign Inc,31420.38,265.0,265.0,118.57,118.57,1.0
2023-11-14,DocuSign,DocuSign Inc,13123.25,137.0,133.0,98.67,95.79,1.03
2023-11-15,DocuSign,DocuSign Inc,18259.38,266.0,244.0,74.83,68.64,1.09
2023-11-16,DocuSign,DocuSign Inc,37971.32,297.0,250.0,151.89,127.85,1.19
2023-11-17,DocuSign,DocuSign Inc,99262.91,270.0,269.0,369.01,367.64,1.0
2023-11-18,DocuSign,DocuSign Inc,11180.52,161.0,161.0,69.44,69.44,1.0
2023-11-19,DocuSign,DocuSign Inc,13794.55,159.0,151.0,91.35,86.76,1.05
2023-11-20,DocuSign,DocuSign Inc,25707.21,231.0,230.0,111.77,111.29,1.0
2023-11-21,DocuSign,DocuSign Inc,29013.48,244.0,244.0,118.91,118.91,1.0
2023-11-22,DocuSign,DocuSign Inc,24477.64,218.0,218.0,112.28,112.28,1.0
2023-11-23,DocuSign,DocuSign Inc,9958.99,145.0,144.0,69.16,68.68,1.01
2023-11-24,DocuSign,DocuSign Inc,9703.27,181.0,181.0,53.61,53.61,1.0
2023-11-25,DocuSign,DocuSign Inc,17487.41,219.0,219.0,79.85,79.85,1.0
2023-11-26,DocuSign,DocuSign Inc,7138.88,130.0,122.0,58.52,54.91,1.07
2023-11-27,DocuSign,DocuSign Inc,13961.15,184.0,179.0,78.0,75.88,1.03
2023-11-28,DocuSign,DocuSign Inc,19884.98,283.0,282.0,70.51,70.26,1.0
2023-11-29,DocuSign,DocuSign Inc,25077.83,244.0,241.0,104.06,102.78,1.01
2023-11-30,DocuSign,DocuSign Inc,18493.04,171.0,165.0,112.08,108.15,1.04
2023-12-01,DocuSign,DocuSign Inc,44995.12,291.0,277.0,162.44,154.62,1.05
2023-12-02,DocuSign,DocuSign Inc,14319.57,216.0,216.0,66.29,66.29,1.0
2023-12-03,DocuSign,DocuSign Inc,14459.48,203.0,203.0,71.23,71.23,1.0
2023-12-04,DocuSign,DocuSign Inc,30272.05,202.0,198.0,152.89,149.86,1.02
2023-12-05,DocuSign,DocuSign Inc,29393.12,208.0,207.0,142.0,141.31,1.0
2023-12-06,DocuSign,DocuSign Inc,20750.08,176.0,173.0,119.94,117.9,1.02
2023-12-07,DocuSign,DocuSign Inc,27050.59,243.0,239.0,113.18,111.32,1.02
2023-12-08,DocuSign,DocuSign Inc,24597.55,170.0,161.0,152.78,144.69,1.06
2023-12-09,DocuSign,DocuSign Inc,13072.95,157.0,157.0,83.27,83.27,1.0
2023-12-10,DocuSign,DocuSign Inc,10776.13,144.0,144.0,74.83,74.83,1.0
2023-12-11,DocuSign,DocuSign Inc,12219.88,170.0,170.0,71.88,71.88,1.0
2023-12-12,DocuSign,DocuSign Inc,87426.79,235.0,225.0,388.56,372.03,1.04
2023-12-13,DocuSign,DocuSign Inc,32156.02,288.0,266.0,120.89,111.65,1.08
2023-12-14,DocuSign,DocuSign Inc,60720.88,406.0,361.0,168.2,149.56,1.12
2023-12-15,DocuSign,DocuSign Inc,28981.2,307.0,306.0,94.71,94.4,1.0
2023-12-16,DocuSign,DocuSign Inc,20146.83,229.0,225.0,89.54,87.98,1.02
2023-12-17,DocuSign,DocuSign Inc,15502.67,144.0,139.0,111.53,107.66,1.04
2023-12-18,DocuSign,DocuSign Inc,28624.66,233.0,228.0,125.55,122.85,1.02
2023-12-19,DocuSign,DocuSign Inc,25064.11,176.0,169.0,148.31,142.41,1.04
2023-12-20,DocuSign,DocuSign Inc,35012.75,223.0,216.0,162.1,157.01,1.03
2023-12-21,DocuSign,DocuSign Inc,17246.0,257.0,256.0,67.37,67.11,1.0
2023-12-22,DocuSign,DocuSign Inc,10092.4,144.0,143.0,70.58,70.09,1.01
2023-12-23,DocuSign,DocuSign Inc,7540.97,167.0,166.0,45.43,45.16,1.01
2023-12-24,DocuSign,DocuSign Inc,7821.57,161.0,161.0,48.58,48.58,1.0
2023-12-25,DocuSign,DocuSign Inc,3603.11,95.0,94.0,38.33,37.93,1.01
2023-12-26,DocuSign,DocuSign Inc,19970.76,151.0,145.0,137.73,132.26,1.04
2023-12-27,DocuSign,DocuSign Inc,15786.33,205.0,201.0,78.54,77.01,1.02
2023-12-28,DocuSign,DocuSign Inc,23316.96,238.0,235.0,99.22,97.97,1.01
2023-12-29,DocuSign,DocuSign Inc,12685.37,134.0,134.0,94.67,94.67,1.0
2023-12-30,DocuSign,DocuSign Inc,12118.46,165.0,164.0,73.89,73.45,1.01
2023-12-31,DocuSign,DocuSign Inc,6120.77,98.0,96.0,63.76,62.46,1.02
2024-01-01,DocuSign,DocuSign Inc,89374.39,207.0,199.0,449.12,431.76,1.04
2024-01-02,DocuSign,DocuSign Inc,12612.15,185.0,185.0,68.17,68.17,1.0
2024-01-03,DocuSign,DocuSign Inc,32827.9,210.0,204.0,160.92,156.32,1.03
2024-01-04,DocuSign,DocuSign Inc,21735.3,268.0,256.0,84.9,81.1,1.05
2024-01-05,DocuSign,DocuSign Inc,16643.73,187.0,187.0,89.0,89.0,1.0
2024-01-06,DocuSign,DocuSign Inc,15735.2,202.0,201.0,78.28,77.9,1.0
2024-01-07,DocuSign,DocuSign Inc,15467.65,150.0,144.0,107.41,103.12,1.04
2024-01-08,DocuSign,DocuSign Inc,14072.67,183.0,162.0,86.87,76.9,1.13
2024-01-09,DocuSign,DocuSign Inc,21880.16,232.0,208.0,105.19,94.31,1.12
2024-01-10,DocuSign,DocuSign Inc,26821.48,244.0,229.0,117.12,109.92,1.07
2024-01-11,DocuSign,DocuSign Inc,17803.3,254.0,211.0,84.38,70.09,1.2
2024-01-12,DocuSign,DocuSign Inc,43845.59,348.0,317.0,138.31,125.99,1.1
2024-01-13,DocuSign,DocuSign Inc,18797.83,206.0,191.0,98.42,91.25,1.08
2024-01-14,DocuSign,DocuSign Inc,24917.62,244.0,230.0,108.34,102.12,1.06
2024-01-15,DocuSign,DocuSign Inc,14922.37,229.0,215.0,69.41,65.16,1.07
2024-01-16,DocuSign,DocuSign Inc,35850.15,266.0,261.0,137.36,134.78,1.02
2024-01-17,DocuSign,DocuSign Inc,45354.37,280.0,266.0,170.51,161.98,1.05
2024-01-18,DocuSign,DocuSign Inc,27003.12,255.0,243.0,111.12,105.89,1.05
2024-01-19,DocuSign,DocuSign Inc,21416.35,237.0,223.0,96.04,90.36,1.06
2024-01-20,DocuSign,DocuSign Inc,17120.75,169.0,169.0,101.31,101.31,1.0
2024-01-21,DocuSign,DocuSign Inc,18807.31,260.0,242.0,77.72,72.34,1.07
2024-01-22,DocuSign,DocuSign Inc,43071.17,226.0,215.0,200.33,190.58,1.05
2024-01-23,DocuSign,DocuSign Inc,36960.97,278.0,273.0,135.39,132.95,1.02
2024-01-24,DocuSign,DocuSign Inc,25417.9,278.0,273.0,93.11,91.43,1.02
2024-01-25,DocuSign,DocuSign Inc,36295.65,211.0,208.0,174.5,172.02,1.01
2024-01-26,DocuSign,DocuSign Inc,50086.82,236.0,234.0,214.05,212.23,1.01
2024-01-27,DocuSign,DocuSign Inc,50935.38,165.0,165.0,308.7,308.7,1.0
2024-01-28,DocuSign,DocuSign Inc,11055.59,157.0,150.0,73.7,70.42,1.05
2024-01-29,DocuSign,DocuSign Inc,28580.37,201.0,194.0,147.32,142.19,1.04
2024-01-30,DocuSign,DocuSign Inc,39059.53,255.0,223.0,175.15,153.17,1.14
2024-01-31,DocuSign,DocuSign Inc,18230.65,196.0,195.0,93.49,93.01,1.01
2024-02-01,DocuSign,DocuSign Inc,42611.52,295.0,278.0,153.28,144.45,1.06
2024-02-02,DocuSign,DocuSign Inc,18698.08,248.0,238.0,78.56,75.4,1.04
2024-02-03,DocuSign,DocuSign Inc,11839.39,160.0,151.0,78.41,74.0,1.06
2024-02-04,DocuSign,DocuSign Inc,16873.74,210.0,207.0,81.52,80.35,1.01
2024-02-05,DocuSign,DocuSign Inc,26262.79,258.0,246.0,106.76,101.79,1.05
2024-02-06,DocuSign,DocuSign Inc,20837.95,240.0,239.0,87.19,86.82,1.0
2024-02-07,DocuSign,DocuSign Inc,30326.64,214.0,207.0,146.51,141.71,1.03
2024-02-08,DocuSign,DocuSign Inc,19989.29,195.0,189.0,105.76,102.51,1.03
2024-02-09,DocuSign,DocuSign Inc,109517.94,243.0,237.0,462.1,450.69,1.03
2024-02-10,DocuSign,DocuSign Inc,13586.32,155.0,153.0,88.8,87.65,1.01
2024-02-11,DocuSign,DocuSign Inc,14376.67,195.0,150.0,95.84,73.73,1.3
2024-02-12,DocuSign,DocuSign Inc,13739.03,212.0,200.0,68.7,64.81,1.06
2024-02-13,DocuSign,DocuSign Inc,22038.71,183.0,180.0,122.44,120.43,1.02
2024-02-14,DocuSign,DocuSign Inc,39545.57,257.0,236.0,167.57,153.87,1.09
2024-02-15,DocuSign,DocuSign Inc,23619.83,220.0,217.0,108.85,107.36,1.01
2024-02-16,DocuSign,DocuSign Inc,24145.53,203.0,193.0,125.11,118.94,1.05
2024-02-17,DocuSign,DocuSign Inc,18479.34,197.0,186.0,99.35,93.8,1.06
2024-02-18,DocuSign,DocuSign Inc,12097.47,175.0,173.0,69.93,69.13,1.01
2024-02-19,DocuSign,DocuSign Inc,29085.7,236.0,233.0,124.83,123.24,1.01
2024-02-20,DocuSign,DocuSign Inc,20707.15,211.0,206.0,100.52,98.14,1.02
2024-02-21,DocuSign,DocuSign Inc,42884.01,335.0,333.0,128.78,128.01,1.01
2024-02-22,DocuSign,DocuSign Inc,26160.53,223.0,218.0,120.0,117.31,1.02
2024-02-23,DocuSign,DocuSign Inc,27997.84,261.0,248.0,112.89,107.27,1.05
2024-02-24,DocuSign,DocuSign Inc,19543.62,241.0,235.0,83.16,81.09,1.03
2024-02-25,DocuSign,DocuSign Inc,21905.94,153.0,153.0,143.18,143.18,1.0
2024-02-26,DocuSign,DocuSign Inc,29422.9,191.0,190.0,154.86,154.05,1.01
2024-02-27,DocuSign,DocuSign Inc,31507.36,221.0,195.0,161.58,142.57,1.13
2024-02-28,DocuSign,DocuSign Inc,44353.57,258.0,237.0,187.15,171.91,1.09
2024-02-29,DocuSign,DocuSign Inc,40119.63,89.0,87.0,461.15,450.78,1.02
2024-03-01,DocuSign,DocuSign Inc,100704.44,473.0,471.0,213.81,212.91,1.0
2024-03-02,DocuSign,DocuSign Inc,9309.36,176.0,175.0,53.2,52.89,1.01
2024-03-03,DocuSign,DocuSign Inc,12177.03,170.0,163.0,74.71,71.63,1.04
2024-03-04,DocuSign,DocuSign Inc,41283.98,252.0,245.0,168.51,163.83,1.03
2024-03-05,DocuSign,DocuSign Inc,41346.18,242.0,234.0,176.69,170.85,1.03
2024-03-06,DocuSign,DocuSign Inc,48076.55,298.0,294.0,163.53,161.33,1.01
2024-03-07,DocuSign,DocuSign Inc,18967.3,176.0,174.0,109.01,107.77,1.01
2024-03-08,DocuSign,DocuSign Inc,41297.96,213.0,212.0,194.8,193.89,1.0
2024-03-09,DocuSign,DocuSign Inc,64262.53,166.0,164.0,391.84,387.12,1.01
2024-03-10,DocuSign,DocuSign Inc,35261.96,198.0,192.0,183.66,178.09,1.03
2024-03-11,DocuSign,DocuSign Inc,22976.55,217.0,217.0,105.88,105.88,1.0
2024-03-12,DocuSign,DocuSign Inc,34218.67,268.0,256.0,133.67,127.68,1.05
2024-03-13,DocuSign,DocuSign Inc,22690.14,202.0,197.0,115.18,112.33,1.03
2024-03-14,DocuSign,DocuSign Inc,36932.96,240.0,231.0,159.88,153.89,1.04
2024-03-15,DocuSign,DocuSign Inc,31204.92,258.0,248.0,125.83,120.95,1.04
2024-03-16,DocuSign,DocuSign Inc,25889.15,215.0,205.0,126.29,120.41,1.05
2024-03-17,DocuSign,DocuSign Inc,18585.33,166.0,160.0,116.16,111.96,1.04
2024-03-18,DocuSign,DocuSign Inc,42523.67,244.0,243.0,174.99,174.28,1.0
2024-03-19,DocuSign,DocuSign Inc,63182.43,283.0,283.0,223.26,223.26,1.0
2024-03-20,DocuSign,DocuSign Inc,18213.29,226.0,220.0,82.79,80.59,1.03
2024-03-21,DocuSign,DocuSign Inc,35966.55,295.0,269.0,133.7,121.92,1.1
2024-03-22,DocuSign,DocuSign Inc,39842.59,259.0,257.0,155.03,153.83,1.01
2024-03-23,DocuSign,DocuSign Inc,11523.92,234.0,231.0,49.89,49.25,1.01
2024-03-24,DocuSign,DocuSign Inc,9449.58,170.0,162.0,58.33,55.59,1.05
2024-03-25,DocuSign,DocuSign Inc,14017.01,195.0,186.0,75.36,71.88,1.05
2024-03-26,DocuSign,DocuSign Inc,17424.09,244.0,223.0,78.13,71.41,1.09
2024-03-27,DocuSign,DocuSign Inc,40630.86,240.0,230.0,176.66,169.3,1.04
2024-03-28,DocuSign,DocuSign Inc,32967.45,233.0,230.0,143.34,141.49,1.01
2024-03-29,DocuSign,DocuSign Inc,27685.32,188.0,176.0,157.3,147.26,1.07
2024-03-30,DocuSign,DocuSign Inc,44464.24,150.0,149.0,298.42,296.43,1.01
2024-03-31,DocuSign,DocuSign Inc,11452.65,139.0,132.0,86.76,82.39,1.05
2024-04-01,DocuSign,DocuSign Inc,21436.7,90.0,86.0,249.26,238.19,1.05
2024-04-02,DocuSign,DocuSign Inc,66989.43,449.0,430.0,155.79,149.2,1.04
2024-04-03,DocuSign,DocuSign Inc,21781.97,226.0,226.0,96.38,96.38,1.0
2024-04-04,DocuSign,DocuSign Inc,10691.55,192.0,185.0,57.79,55.69,1.04
2024-04-05,DocuSign,DocuSign Inc,29177.3,268.0,267.0,109.28,108.87,1.0
2024-04-06,DocuSign,DocuSign Inc,42904.13,266.0,255.0,168.25,161.29,1.04
2024-04-07,DocuSign,DocuSign Inc,13778.4,146.0,146.0,94.37,94.37,1.0
2024-04-08,DocuSign,DocuSign Inc,23033.79,150.0,148.0,155.63,153.56,1.01
2024-04-09,DocuSign,DocuSign Inc,21466.65,229.0,227.0,94.57,93.74,1.01
2024-04-10,DocuSign,DocuSign Inc,66763.64,198.0,188.0,355.13,337.19,1.05
2024-04-11,DocuSign,DocuSign Inc,36578.93,258.0,251.0,145.73,141.78,1.03
2024-04-12,DocuSign,DocuSign Inc,44690.95,320.0,315.0,141.88,139.66,1.02
2024-04-13,DocuSign,DocuSign Inc,17380.99,163.0,160.0,108.63,106.63,1.02
2024-04-14,DocuSign,DocuSign Inc,24244.07,200.0,196.0,123.69,121.22,1.02
2024-04-15,DocuSign,DocuSign Inc,24058.88,240.0,231.0,104.15,100.25,1.04
2024-04-16,DocuSign,DocuSign Inc,24761.4,275.0,262.0,94.51,90.04,1.05
2024-04-17,DocuSign,DocuSign Inc,24274.03,217.0,215.0,112.9,111.86,1.01
2024-04-18,DocuSign,DocuSign Inc,57329.26,405.0,397.0,144.41,141.55,1.02
2024-04-19,DocuSign,DocuSign Inc,76176.12,260.0,260.0,292.99,292.99,1.0
2024-04-20,DocuSign,DocuSign Inc,35584.89,261.0,242.0,147.04,136.34,1.08
2024-04-21,DocuSign,DocuSign Inc,18728.5,245.0,240.0,78.04,76.44,1.02
2024-04-22,DocuSign,DocuSign Inc,18324.82,224.0,218.0,84.06,81.81,1.03
2024-04-23,DocuSign,DocuSign Inc,30164.46,407.0,402.0,75.04,74.11,1.01
2024-04-24,DocuSign,DocuSign Inc,13703.61,210.0,208.0,65.88,65.26,1.01
2024-04-25,DocuSign,DocuSign Inc,20664.89,173.0,172.0,120.14,119.45,1.01
2024-04-26,DocuSign,DocuSign Inc,39488.85,304.0,271.0,145.72,129.9,1.12
2024-04-27,DocuSign,DocuSign Inc,26123.01,170.0,170.0,153.66,153.66,1.0
2024-04-28,DocuSign,DocuSign Inc,22549.59,147.0,147.0,153.4,153.4,1.0
2024-04-29,DocuSign,DocuSign Inc,23224.11,211.0,191.0,121.59,110.07,1.1
2024-04-30,DocuSign,DocuSign Inc,32016.68,293.0,293.0,109.27,109.27,1.0
2024-05-01,DocuSign,DocuSign Inc,36170.08,276.0,272.0,132.98,131.05,1.01
2024-05-02,DocuSign,DocuSign Inc,25307.87,266.0,263.0,96.23,95.14,1.01
2024-05-03,DocuSign,DocuSign Inc,72876.73,278.0,275.0,265.01,262.15,1.01
2024-05-04,DocuSign,DocuSign Inc,22442.27,222.0,212.0,105.86,101.09,1.05
2024-05-05,DocuSign,DocuSign Inc,26012.69,207.0,206.0,126.28,125.67,1.0
2024-05-06,DocuSign,DocuSign Inc,41243.53,331.0,315.0,130.93,124.6,1.05
2024-05-07,DocuSign,DocuSign Inc,49778.55,243.0,237.0,210.04,204.85,1.03
2024-05-08,DocuSign,DocuSign Inc,23507.38,215.0,191.0,123.08,109.34,1.13
2024-05-09,DocuSign,DocuSign Inc,28781.39,260.0,250.0,115.13,110.7,1.04
2024-05-10,DocuSign,DocuSign Inc,30105.55,249.0,247.0,121.88,120.91,1.01
2024-05-11,DocuSign,DocuSign Inc,16203.62,209.0,209.0,77.53,77.53,1.0
2024-05-12,DocuSign,DocuSign Inc,17359.5,238.0,238.0,72.94,72.94,1.0
2024-05-13,DocuSign,DocuSign Inc,18827.07,167.0,149.0,126.36,112.74,1.12
2024-05-14,DocuSign,DocuSign Inc,17517.75,233.0,217.0,80.73,75.18,1.07
2024-05-15,DocuSign,DocuSign Inc,29203.03,265.0,264.0,110.62,110.2,1.0
2024-05-16,DocuSign,DocuSign Inc,27317.87,236.0,234.0,116.74,115.75,1.01
2024-05-17,DocuSign,DocuSign Inc,56850.83,273.0,245.0,232.04,208.24,1.11
2024-05-18,DocuSign,DocuSign Inc,23992.36,261.0,261.0,91.92,91.92,1.0
2024-05-19,DocuSign,DocuSign Inc,18048.71,203.0,203.0,88.91,88.91,1.0
2024-05-20,DocuSign,DocuSign Inc,22860.62,246.0,246.0,92.93,92.93,1.0
2024-05-21,DocuSign,DocuSign Inc,40294.77,288.0,266.0,151.48,139.91,1.08
2024-05-22,DocuSign,DocuSign Inc,12448.06,219.0,213.0,58.44,56.84,1.03
2024-05-23,DocuSign,DocuSign Inc,43285.07,362.0,360.0,120.24,119.57,1.01
2024-05-24,DocuSign,DocuSign Inc,27040.05,221.0,219.0,123.47,122.35,1.01
2024-05-25,DocuSign,DocuSign Inc,12744.16,182.0,182.0,70.02,70.02,1.0
2024-05-26,DocuSign,DocuSign Inc,26310.53,190.0,185.0,142.22,138.48,1.03
2024-05-27,DocuSign,DocuSign Inc,17835.68,193.0,192.0,92.89,92.41,1.01
2024-05-28,DocuSign,DocuSign Inc,23351.5,211.0,205.0,113.91,110.67,1.03
2024-05-29,DocuSign,DocuSign Inc,18189.46,232.0,222.0,81.93,78.4,1.05
2024-05-30,DocuSign,DocuSign Inc,47663.09,203.0,195.0,244.43,234.79,1.04
2024-05-31,DocuSign,DocuSign Inc,16425.95,159.0,151.0,108.78,103.31,1.05
2024-06-01,DocuSign,DocuSign Inc,26020.98,246.0,238.0,109.33,105.78,1.03
2024-06-02,DocuSign,DocuSign Inc,22353.56,267.0,260.0,85.98,83.72,1.03
2024-06-03,DocuSign,DocuSign Inc,35023.78,279.0,272.0,128.76,125.53,1.03
2024-06-04,DocuSign,DocuSign Inc,28492.09,290.0,258.0,110.43,98.25,1.12
2024-06-05,DocuSign,DocuSign Inc,16623.34,280.0,257.0,64.68,59.37,1.09
2024-06-06,DocuSign,DocuSign Inc,24132.45,233.0,233.0,103.57,103.57,1.0
2024-06-07,DocuSign,DocuSign Inc,20681.17,221.0,211.0,98.02,93.58,1.05
2024-06-08,DocuSign,DocuSign Inc,21495.08,158.0,155.0,138.68,136.04,1.02
2024-06-09,DocuSign,DocuSign Inc,14696.48,184.0,175.0,83.98,79.87,1.05
2024-06-10,DocuSign,DocuSign Inc,22769.71,247.0,234.0,97.31,92.19,1.06
2024-06-11,DocuSign,DocuSign Inc,27148.96,344.0,335.0,81.04,78.92,1.03
2024-06-12,DocuSign,DocuSign Inc,38138.7,279.0,274.0,139.19,136.7,1.02
2024-06-13,DocuSign,DocuSign Inc,30035.84,213.0,193.0,155.63,141.01,1.1
2024-06-14,DocuSign,DocuSign Inc,61198.13,297.0,284.0,215.49,206.05,1.05
2024-06-15,DocuSign,DocuSign Inc,25437.27,247.0,235.0,108.24,102.98,1.05
2024-06-16,DocuSign,DocuSign Inc,16325.32,220.0,218.0,74.89,74.21,1.01
2024-06-17,DocuSign,DocuSign Inc,36616.74,294.0,280.0,130.77,124.55,1.05
2024-06-18,DocuSign,DocuSign Inc,18885.31,274.0,270.0,69.95,68.92,1.01
2024-06-19,DocuSign,DocuSign Inc,19116.09,268.0,264.0,72.41,71.33,1.02
2024-06-20,DocuSign,DocuSign Inc,17841.68,229.0,219.0,81.47,77.91,1.05
2024-06-21,DocuSign,DocuSign Inc,42720.42,374.0,367.0,116.4,114.23,1.02
2024-06-22,DocuSign,DocuSign Inc,19184.46,224.0,224.0,85.64,85.64,1.0
2024-06-23,DocuSign,DocuSign Inc,22776.76,332.0,325.0,70.08,68.6,1.02
2024-06-24,DocuSign,DocuSign Inc,33246.93,248.0,235.0,141.48,134.06,1.06
2024-06-25,DocuSign,DocuSign Inc,46133.32,345.0,301.0,153.27,133.72,1.15
2024-06-26,DocuSign,DocuSign Inc,25650.61,218.0,215.0,119.31,117.66,1.01
2024-06-27,DocuSign,DocuSign Inc,20275.94,222.0,217.0,93.44,91.33,1.02
2024-06-28,DocuSign,DocuSign Inc,27330.61,247.0,243.0,112.47,110.65,1.02
2024-06-29,DocuSign,DocuSign Inc,20334.08,223.0,204.0,99.68,91.18,1.09
2024-06-30,DocuSign,DocuSign Inc,17766.99,287.0,284.0,62.56,61.91,1.01
2024-07-01,DocuSign,DocuSign Inc,27295.6,304.0,258.0,105.8,89.79,1.18
2024-07-02,DocuSign,DocuSign Inc,19503.44,257.0,243.0,80.26,75.89,1.06
2024-07-03,DocuSign,DocuSign Inc,45501.64,243.0,238.0,191.18,187.25,1.02
2024-07-04,DocuSign,DocuSign Inc,5524.94,137.0,137.0,40.33,40.33,1.0
2024-07-05,DocuSign,DocuSign Inc,27432.37,237.0,224.0,122.47,115.75,1.06
2024-07-06,DocuSign,DocuSign Inc,16227.36,203.0,199.0,81.54,79.94,1.02
2024-07-07,DocuSign,DocuSign Inc,13151.08,173.0,165.0,79.7,76.02,1.05
2024-07-08,DocuSign,DocuSign Inc,30492.71,270.0,264.0,115.5,112.94,1.02
2024-07-09,DocuSign,DocuSign Inc,34702.36,251.0,237.0,146.42,138.26,1.06
2024-07-10,DocuSign,DocuSign Inc,39167.7,242.0,236.0,165.96,161.85,1.03
2024-07-11,DocuSign,DocuSign Inc,39304.44,290.0,271.0,145.03,135.53,1.07
2024-07-12,DocuSign,DocuSign Inc,48684.66,279.0,276.0,176.39,174.5,1.01
2024-07-13,DocuSign,DocuSign Inc,16273.18,165.0,160.0,101.71,98.63,1.03
2024-07-14,DocuSign,DocuSign Inc,29101.32,257.0,249.0,116.87,113.23,1.03
2024-07-15,DocuSign,DocuSign Inc,20416.13,257.0,257.0,79.44,79.44,1.0
2024-07-16,DocuSign,DocuSign Inc,26812.37,306.0,305.0,87.91,87.62,1.0
2024-07-17,DocuSign,DocuSign Inc,26605.44,236.0,235.0,113.21,112.73,1.0
2024-07-18,DocuSign,DocuSign Inc,24629.38,266.0,261.0,94.37,92.59,1.02
2024-07-19,DocuSign,DocuSign Inc,24595.72,309.0,283.0,86.91,79.6,1.09
2024-07-20,DocuSign,DocuSign Inc,36516.77,223.0,218.0,167.51,163.75,1.02
2024-07-21,DocuSign,DocuSign Inc,21384.29,309.0,294.0,72.74,69.2,1.05
2024-07-22,DocuSign,DocuSign Inc,16502.11,260.0,259.0,63.71,63.47,1.0
2024-07-23,DocuSign,DocuSign Inc,17914.73,372.0,365.0,49.08,48.16,1.02
2024-07-24,DocuSign,DocuSign Inc,48020.48,308.0,308.0,155.91,155.91,1.0
2024-07-25,DocuSign,DocuSign Inc,19559.43,234.0,228.0,85.79,83.59,1.03
2024-07-26,DocuSign,DocuSign Inc,30279.09,277.0,256.0,118.28,109.31,1.08
2024-07-27,DocuSign,DocuSign Inc,18065.43,183.0,182.0,99.26,98.72,1.01
2024-07-28,DocuSign,DocuSign Inc,15969.0,168.0,168.0,95.05,95.05,1.0
2024-07-29,DocuSign,DocuSign Inc,104377.26,250.0,245.0,426.03,417.51,1.02
2024-07-30,DocuSign,DocuSign Inc,32701.68,292.0,274.0,119.35,111.99,1.07
2024-07-31,DocuSign,DocuSign Inc,19797.02,168.0,167.0,118.55,117.84,1.01
2024-08-01,DocuSign,DocuSign Inc,23401.84,242.0,236.0,99.16,96.7,1.03
2024-08-02,DocuSign,DocuSign Inc,25446.44,294.0,290.0,87.75,86.55,1.01
2024-08-03,DocuSign,DocuSign Inc,30618.64,272.0,267.0,114.68,112.57,1.02
2024-08-04,DocuSign,DocuSign Inc,8512.0,148.0,147.0,57.9,57.51,1.01
2024-08-05,DocuSign,DocuSign Inc,15135.45,198.0,198.0,76.44,76.44,1.0
2024-08-06,DocuSign,DocuSign Inc,36642.45,250.0,243.0,150.79,146.57,1.03
2024-08-07,DocuSign,DocuSign Inc,10540.78,205.0,205.0,51.42,51.42,1.0
2024-08-08,DocuSign,DocuSign Inc,24197.5,192.0,189.0,128.03,126.03,1.02
2024-08-09,DocuSign,DocuSign Inc,33789.84,249.0,246.0,137.36,135.7,1.01
2024-08-10,DocuSign,DocuSign Inc,23973.02,192.0,187.0,128.2,124.86,1.03
2024-08-11,DocuSign,DocuSign Inc,40392.21,252.0,252.0,160.29,160.29,1.0
2024-08-12,DocuSign,DocuSign Inc,36723.68,270.0,267.0,137.54,136.01,1.01
